branch_id,name,address,phone
7b28593a-9d87-4b2e-a63a-9f1359a6ffb2,Gonzalez PLC,"7663 Morris Alley Apt. 402
Jenningstown, AZ 19943",(871)781-9630
58e5e4a7-e13f-45d1-9fa2-a5bb6a049d7f,"Melton, Rodriguez and Andrews","8114 Jasmine Crescent Apt. 297
East Mike, OR 58077",4389167920
3bf28c6b-d733-474b-9e9b-86164a07887b,Mendez-Shepherd,"1744 Gilbert Ville
Port Abigail, CO 41927",001-294-316-7605
05eb0fe3-9f32-432e-a675-6c69ec4ceb38,Walker Group,"518 Holly Causeway
Lynnchester, MH 61551",854-926-8745
d1d41129-6814-461b-9280-46be7dec3ce8,"Miller, Thompson and Martinez","6419 Rodney Village Apt. 964
East Brettfurt, NC 86054",(908)649-6712x39751
00f1a1e1-f5de-4821-beb0-186bc7a21fcc,Ortiz and Sons,"458 Victoria Mountain
Hawkinsbury, MT 49337",001-316-541-8133x8896
cbf873c6-dd71-4c1f-99a0-9b33c4325384,Martin-Smith,"4951 Alexander Parks Apt. 818
New Amberville, CT 06791",311.971.9609x14526
13847f3d-fd42-44c4-af9a-0ea9ab6afb56,Knight and Sons,"262 Harris Ports
Lake Tammyburgh, VA 05348",+1-858-333-5227
bb9a7783-159a-49b4-8712-cb17b84efe20,Cook PLC,"173 Fernandez Walk Suite 151
East Kimberly, LA 76785",001-866-671-2494x38893
036809f7-4c5c-4250-a289-cd957474c443,Stewart PLC,"Unit 2110 Box 8162
DPO AE 98555",8399057009
f30382e9-370f-4e35-abac-4f527c261277,Rivera LLC,"185 Cooper Curve Apt. 203
Keithfurt, VI 05704",467.235.1611
17e9fb9e-54ca-4f6a-95e4-413dc73f9055,"Lang, Garcia and Brown","582 Fields Keys
Lake Savannah, WI 80408",738.867.4820
b9d5eaed-b095-4c0a-8ffb-706bd8c0e3bd,"Jones, Smith and Lopez","674 Lucas Forge
Lake Shannonstad, IA 25838",+1-884-381-1078x6470
1b3c36d4-4acd-45ee-9a9e-e2bf9aa24948,"Estrada, Stewart and White","2243 Madeline Burg
East Pennyport, NC 84306",807.974.4110
047e6d69-c10f-4017-b679-f5e6725bab5b,Ramos-Maynard,"13234 Nelson Alley
Hillside, WI 20651",+1-819-344-5713x5000
b8830c72-b1a2-49dd-8fdc-3c4ade588cd2,"Wyatt, Davis and Davis","32280 Davis Views Suite 440
Amandamouth, DC 27809",970.920.8100
6883a3eb-7e38-4902-b1a5-0af94a441ea1,Bender-Freeman,"813 Kenneth Pines
Sanfordfurt, WY 36814",384-767-1648
7024d467-20a5-4bf6-ad7c-9ee28dadab42,"Anderson, Mitchell and Trujillo","9322 Adriana Manors Suite 743
New Jaime, OK 96877",001-526-593-0285
23b85273-3230-42a7-b172-54f0f406ae4e,"Williams, Maynard and Snyder","875 Montoya Gateway
Hallshire, MT 18035",702-524-8795
ae6a5823-b073-461b-a215-5babdefc7a8a,Johnson-Hall,"092 Tran Drives Apt. 940
Warrenfort, RI 60193",(238)375-4322x061
c2f15518-5df2-4318-9ced-2f4265273206,Kane LLC,"PSC 0939, Box 0728
APO AP 05225",001-258-289-9973
820bc411-933c-4a1e-b600-7c84a809ca05,Payne Inc,"Unit 0142 Box 3002
DPO AA 07304",+1-761-977-6465
7c289ae8-5aa4-4aff-94da-5c7edf699972,"Simon, Gill and Drake","339 Jill Brook
Port Kevin, RI 42193",737.245.3395x25749
bcafe36d-1f48-4edb-924d-a9489bf1c893,Evans and Sons,"3852 Wood Highway
Perrychester, UT 75659",001-636-304-6927x961
e9813b60-a3b5-41bc-92bf-7f6803266d2b,Johnson-Romero,"478 John Tunnel Suite 566
Smithmouth, NE 28230",707-210-9076x655
95f61838-f16a-4d2a-9046-e4baeacacb5e,Clayton-Reyes,"945 Hudson Locks Apt. 231
Daughertyport, ND 43210",855-645-4746
0ed7ac66-f673-4ef3-9b36-7bc078dcdf55,"White, Shepherd and Massey","077 Robert Walk Suite 756
Martinbury, SD 31030",7728114193
0beb0249-f289-4da6-a57e-8a647d8c3633,Meyers PLC,"156 Moreno Club Apt. 658
Davisport, WY 61355",779-239-4061
580d3107-1fd2-496a-8a13-c9c020b22f74,Weaver-Rollins,"247 Eric Lodge Suite 620
South Tammy, NE 63291",734-552-9354x851
a4a3a4dd-49fe-480c-991a-f52d55d3b968,Kline Inc,"4890 Elizabeth Brooks
Vaughanview, VI 04581",(962)454-1579x83236
d4766d9d-4a16-492a-9db1-176dccd2e0ab,Rodriguez and Sons,"69869 Gary Pass
South Tammymouth, CT 69525",(217)383-0732x019
d4228e20-badb-42e0-9acc-f6edf576552d,Madden-Pena,"623 Wilson Cove Suite 863
North Michelle, DC 58645",652.227.9359x938
891b2254-8a35-4f2f-8a03-3260381fe3c3,"Browning, Boyd and Esparza","31742 Reilly Lake
Morrisside, TN 84956",001-973-813-0165
10e8ec1c-e94d-49c0-9dac-a3939f468895,Reese-Hudson,"1491 Burns Island
Port Franciscoside, NE 41972",848.257.4555x54305
bdf36d31-38d5-4693-ad64-a87569f8dbb5,Contreras PLC,"51043 Church Mountains Suite 014
South Gabriel, NV 24468",001-292-945-7290x55072
730c138b-6cc3-411e-8683-19c7bcb561ba,"Tran, Warren and Guerrero","107 Rebecca Mount
Amandaburgh, MT 98241",001-914-328-9478
7e577f5a-7c94-4e77-a915-aee2f44ce936,Wells and Sons,"10493 Black Path
Reyesmouth, HI 65250",+1-421-456-0055x57950
1624a1c0-66ab-4205-9e96-241b52ac8836,"Cox, Morales and Smith","837 Kimberly Skyway Apt. 628
East Sandra, OK 57679",(361)387-5353
9c4cad0f-0c82-4634-9875-de83b6103f38,Rice-Brown,"52792 Morgan Rapid Suite 600
Lake Brandi, GA 45532",273-454-3396x8018
95b397b9-3c37-455b-a168-e3e6176a8909,Richardson-Avila,"65005 Richard Estate Suite 589
Tarafurt, PW 75199",001-636-289-2635x17402
5aecfe7b-0a77-41b1-a73e-95d82bcb0589,Bailey-Ramirez,"2870 Richard Field Apt. 634
South Christopher, IA 52550",447.564.7176
fd39f5a0-80c7-40f0-80d9-79cf499d1b84,"Kim, Flowers and Huffman","45048 Mark Field Suite 129
Wendyburgh, MP 35606",001-601-309-3438x898
b4ccfbd2-7e33-48c4-921c-c8895ff2dff8,"Hernandez, Moore and Whitaker","0325 Sullivan Pass
West Linda, WI 48948",476.247.0103x7964
8ad7333a-29c9-4807-a350-a8921f348964,Young-Kelly,"Unit 7510 Box 5546
DPO AA 59608",767.916.4853
c4d1155b-8480-4a45-b753-3461a7c3b614,Garza Inc,"97563 Jefferson Loop
Port Bruce, AR 39507",8253813509
f1484d57-3d30-4783-91c3-124feab4beac,"Kaufman, Caldwell and Thompson","Unit 4722 Box 3883
DPO AE 43610",204-915-7503x20582
8b7d942a-7f67-41a2-8c4d-3a226d7c3204,"Wilkinson, Nichols and Barron","52348 Cox Mall
Tinastad, FL 15602",731-874-3558
f9833edd-c012-4f26-82b1-0b90e3618e03,Wang-Brooks,"5874 Gerald Isle Apt. 177
Gloriahaven, NV 83593",574.744.8575
d586f55e-a38f-4f14-82c5-f90264b0e1b0,"Castillo, Friedman and Woods","30847 Medina Vista
East Jeremyshire, FL 73077",+1-929-887-3509x7255
33433fa0-5305-41e6-a41a-17f94b5a3b92,Martin-Lee,"6489 Justin Gateway Suite 788
Lake Edwardtown, UT 33620",865-973-1195x26144
a652427d-e520-46fd-ae2c-27cbfc7d05e2,Jackson-Sims,"6318 Gabrielle Creek
Davidfurt, NH 77828",+1-214-987-0381x208
46960e4b-0e5f-4810-beee-1dfddfe0fd01,Arellano-Davidson,"359 Davis Vista
Sandersbury, FM 54833",441.333.7440
2c41d420-2a18-42e7-a802-631bfc011e88,Johnson and Sons,"18623 Cindy Wells
Danielleland, WI 59372",+1-870-573-7593x550
1720375f-7e4d-427f-9b02-03416528bcd6,"Collier, Beltran and Harvey","72314 Corey Light
Barnettfort, MH 50220",(840)298-7973x364
45dad5b7-80fb-4695-8928-469baa701b7b,Olsen Group,"1476 Barrett Field Apt. 381
Patrickmouth, GA 64414",2195217141
debcccf4-69ba-4005-9f94-4a312fafb319,Perez-James,"0722 Henderson Dam
Reedland, AL 06569",773.884.0336x0582
81a6ac23-78f1-4be8-9d7f-a637c8eb235c,"Calhoun, Parker and Montes","29238 Smith River
Floydborough, TN 35505",684-298-1642x32689
1953d6e5-4551-4a28-9622-348c773d307b,Anderson Ltd,"34451 Angela Lodge
Port Catherinebury, CA 97449",473-337-3239
21775432-f02b-4ec8-92c2-eefd96c65e38,Delgado-Johnson,"26878 Anthony Orchard
East Michaelhaven, NJ 83830",446.699.9158x6022
08602c1d-246a-49e0-9f64-10c6e7a46d8b,Roberts Ltd,"02287 Andrew Mews
Shanefurt, LA 39519",(520)205-1719x08996
755de82f-3c13-4477-8428-1831d4964812,Arroyo LLC,"6653 John Roads
Port Jamesshire, NJ 95176",+1-832-649-8427
1b3bf0be-2914-4f15-8a47-aee0d2f20d6c,Wade Inc,"3157 Kelly Roads Suite 910
New Robert, SD 10250",7972353476
1100422b-3920-4b66-b311-c58430f48cbc,Shelton Inc,"51836 Mary Rue Apt. 228
East Dennis, NV 52743",+1-786-883-9118
6af9df46-5e02-4644-a047-9ca91118cfcc,"Moore, Smith and Waller","USCGC Ortiz
FPO AP 57935",001-551-658-2718x40949
94427511-061f-4628-aebb-7eb4251d1d6e,Martinez Inc,"6339 Hughes Plaza
Matthewborough, PW 23094",001-662-549-8978x81121
eb6dfdea-3a52-46ab-9ab9-aee489c8971e,Miller-Guzman,"0265 Robinson Parkways Suite 332
East Suzanneville, TX 59076",+1-520-467-0414x9980
455817cf-2796-4926-81f9-a04d20e28323,"Johnston, Cruz and Crawford","68722 Bailey Fork Suite 521
Port Jack, NC 92568",967-213-9944x4784
54317197-6598-43de-886c-b78bd4c3b59b,"Mendez, Ramos and Smith","8119 Mark Mount
Port Heatherton, MP 94018",+1-467-840-0232x3688
3c081a51-26c4-4471-9316-1fde05f603a0,"Sanchez, Wallace and White","907 Christopher Springs
New Jessicafort, WV 11369",001-521-883-0309x014
b6942c8a-9051-4c27-bf6c-c04c2796aa84,"Owens, Reynolds and Hernandez","537 Cheryl Creek Suite 808
Craneside, HI 12736",(861)551-5240
54ef0f8e-3572-41bf-a816-fe31cf747cb0,"Pittman, Macias and Bradley","79958 Michael Bypass
East Catherine, MA 27154",+1-824-502-4475x34223
ca33a43d-44e0-4f57-9249-9a031f489ac4,"Farley, Braun and Garza","10678 Joshua Glens
Lake Sarah, VA 92608",849.368.2346x8467
09cc28a6-f89a-41e6-af47-d69baf8ae450,"Clark, Bush and Ortiz","USS Cooley
FPO AA 26024",535.739.7819
26ee1e1c-6dd4-461b-8099-eef6a35cb493,Montgomery-Miller,"6555 Medina Rapid
Mooremouth, WA 96480",+1-503-803-7791x441
d9b0a211-53a3-40c6-abde-8d924b4d61d8,Skinner PLC,"1349 John Court
Port Patrickmouth, CT 73430",272.362.9466x6059
282af051-7b7e-42f8-9d38-789bb6407978,Thomas Inc,"8770 Justin Locks
Williamview, MT 61692",6916466311
c3b7bf24-fb38-4f99-abfb-24430639e44e,Ryan Inc,"93381 Keith Field
Hendersonstad, MD 11823",2475102456
34652dbc-c36a-4efb-a22d-e1c6c09bf2b5,"Gallagher, Johnson and Rogers","Unit 7733 Box 4882
DPO AE 46739",001-981-636-3795x850
84451fef-3314-48f2-92ff-13a1fc5c8c89,"Adkins, Johnson and Moore","194 Mann Fords
Veronicabury, WY 96840",+1-405-394-3861x41012
e181dabb-9aeb-4d86-8553-b2d6591ec7f3,"Reynolds, Reed and Larson","871 Jordan Fields Suite 406
Williamstown, GU 27619",745.238.0921x5276
0a0e06ec-72d4-4163-854f-ec1add424720,"Shaw, Nguyen and Harris","06039 Steven Dam
Natalietown, MI 54318",+1-637-690-5275x412
b3bae420-316e-47b2-9d82-4c5b945ecb79,Oconnell-Robinson,"51444 Burton Fords
Debrashire, MD 34873",3532316342
8d48d083-bf74-42f3-834c-2df090bc89ea,Vance-Patel,"81840 Brooke Cliffs Apt. 096
Youngport, CO 71683",295.737.8036x9541
3461af74-b8f1-42a7-9c87-28979c1716e7,Jacobson Group,"58527 Doris Locks
North Laurenchester, MP 99307",792.229.6345
bf13ef6e-8750-4a6b-b551-0e08bee45c60,Garrett LLC,"802 Jose Coves
West Meganbury, KY 41418",7708000460
ab82a775-efe4-49cf-844f-38dc43ede502,English Group,"6254 Rogers Meadow Suite 880
Annabury, CT 46884",+1-595-327-6048
b024c32a-15fd-4a6f-8ae3-0391b2072fb4,Franklin-Barry,"999 Christine Landing
North Davidburgh, WI 31838",273.529.0908
695bc227-6842-485d-884d-261d2f06175e,Lynch-Lee,"1895 Kristopher Well Suite 348
Virginiaside, PW 91705",001-412-338-8306x585
756cf303-3787-4647-9ac2-10af66f6cf51,Buchanan Ltd,"886 Jodi Drives Suite 504
Hawkinshaven, DE 77570",6384117614
46c5c870-bf22-48a6-9770-185dc91d2ec1,Webster-Roman,"835 Santos River Apt. 674
Christianstad, PR 45553",452.409.2038
164141ed-0563-4902-8688-85786c9cf60c,"Lopez, Hanson and Clark","60676 Victor Ports
South Cheryltown, MH 33630",(968)235-1391x59998
1e593d09-34f0-436b-890f-d73ddfd4d260,Williams-Holloway,"954 Joy Ferry Suite 466
Lake Kristie, IL 62446",(865)934-5644x12092
679f824c-6c85-47f1-990d-ffd59c80a1d2,Ingram-Molina,"531 Rachel Manor Apt. 247
South Michael, CA 45937",+1-751-521-6421
f2ea055a-00b1-426b-b7dd-133cc033bc41,Johnson PLC,"476 Lori Motorway Suite 139
South Mary, RI 73444",+1-400-572-3172
b9dab4b1-52f4-4afd-877e-f91eab2366f7,"Martinez, Chambers and Scott","6217 Joan Lock Suite 627
New Vincentton, OR 43501",590.617.1015x534
03ea00f1-695a-4c9b-b916-c0916cfa9b75,Stevens-Martin,"Unit 6494 Box 3770
DPO AA 90365",902-563-6898x627
0c97ac8a-62be-4eca-aedf-d3d42f4ede46,Coleman-Mueller,"1039 Young Mission Suite 321
Johnmouth, WV 95804",367-844-3669x4711
1b2b8b9d-f985-4894-aae1-b7b4ea6d14ba,Mccarthy-Howell,"312 Stevenson Street Suite 751
Erneststad, MS 47643",8849136825
0cfd3f9e-ac29-4369-8ffb-62dafa3eb04f,"Tran, Price and Blake","93645 Sarah Plains
Lauramouth, ME 08762",307.741.8588x639
246beedb-c38b-4af8-af61-d7a24a36dc92,Jenkins-Davidson,"7500 Valerie Viaduct Apt. 780
Jamesburgh, OK 70808",6606873829
